-- MySQL dump 10.13  Distrib 8.0.20, for macos10.15 (x86_64)
--
-- Host: mysqldemos.elguille.xyz    Database: uat_wedding
-- ------------------------------------------------------
-- Server version	5.7.28-log

/*!40101 SET @OLD_CHARACTER_SET_CLIENT=@@CHARACTER_SET_CLIENT */;
/*!40101 SET @OLD_CHARACTER_SET_RESULTS=@@CHARACTER_SET_RESULTS */;
/*!40101 SET @OLD_COLLATION_CONNECTION=@@COLLATION_CONNECTION */;
/*!50503 SET NAMES utf8 */;
/*!40103 SET @OLD_TIME_ZONE=@@TIME_ZONE */;
/*!40103 SET TIME_ZONE='+00:00' */;
/*!40014 SET @OLD_UNIQUE_CHECKS=@@UNIQUE_CHECKS, UNIQUE_CHECKS=0 */;
/*!40014 SET @OLD_FOREIGN_KEY_CHECKS=@@FOREIGN_KEY_CHECKS, FOREIGN_KEY_CHECKS=0 */;
/*!40101 SET @OLD_SQL_MODE=@@SQL_MODE, SQL_MODE='NO_AUTO_VALUE_ON_ZERO' */;
/*!40111 SET @OLD_SQL_NOTES=@@SQL_NOTES, SQL_NOTES=0 */;

--
-- Table structure for table `guests`
--

DROP TABLE IF EXISTS `guests`;
/*!40101 SET @saved_cs_client     = @@character_set_client */;
/*!50503 SET character_set_client = utf8mb4 */;
CREATE TABLE `guests` (
  `id` int(11) NOT NULL AUTO_INCREMENT,
  `firstname` varchar(45) COLLATE utf8_unicode_ci DEFAULT NULL,
  `lastname` varchar(45) COLLATE utf8_unicode_ci DEFAULT NULL,
  `document` varchar(45) COLLATE utf8_unicode_ci DEFAULT NULL,
  `created_at` timestamp NULL DEFAULT NULL,
  `updated_at` timestamp NULL DEFAULT NULL,
  `idImage` int(11) NOT NULL,
  PRIMARY KEY (`id`),
  KEY `fk_users_images_idx` (`idImage`),
  CONSTRAINT `fk_users_images` FOREIGN KEY (`idImage`) REFERENCES `images` (`id`)
) ENGINE=InnoDB AUTO_INCREMENT=57 DEFAULT CHARSET=utf8 COLLATE=utf8_unicode_ci;
/*!40101 SET character_set_client = @saved_cs_client */;

--
-- Dumping data for table `guests`
--

LOCK TABLES `guests` WRITE;
/*!40000 ALTER TABLE `guests` DISABLE KEYS */;
INSERT INTO `guests` VALUES (1,'Carolina ','Fuentes','77907689',NULL,NULL,1),(2,'Marco','Luca','46038633',NULL,NULL,2),(3,'Josseline','Ayapi','47450094',NULL,NULL,3),(4,'Luis','Trujillo','47007606',NULL,NULL,4),(5,'Lily','Fuentes','06860685',NULL,NULL,5),(6,'Manuel','Ayapi','06860685',NULL,NULL,6),(7,'Ruth','Ayapi','41649742',NULL,NULL,7),(8,'Nilton','Zevallos','40423136',NULL,NULL,8),(9,'Freddy','Fuentes','07624638',NULL,NULL,9),(10,'Cinthia','Chacaltana','44048231',NULL,NULL,10),(11,'Billy ','Barrantes','43070780',NULL,NULL,11),(12,'Rosario','Inga','07683169',NULL,NULL,12),(13,'Guillermo','Asto','07656354',NULL,NULL,13),(14,'Juan','Asto','46316735',NULL,NULL,14),(15,'Ceci','','70063819',NULL,NULL,15),(16,'Jessika ','Gonzalez','01780287',NULL,NULL,16),(17,'Kathe','Barrios','42526536',NULL,NULL,17),(18,'Juan Enrique','Wimpon','41506329',NULL,NULL,18),(19,'María José','Sarmiento','74203910',NULL,NULL,19),(20,'Raul','Uribe','44385650',NULL,NULL,20),(21,'Liliana','Flores','43172147',NULL,NULL,21),(22,'Naptaly','Dávila','43986440',NULL,NULL,22),(23,'Javier','Cconislla ','47726362',NULL,NULL,23),(24,'Antonella','Calosi','77418122',NULL,NULL,24),(25,'Guillermo','Aguilar','44322742',NULL,NULL,25),(26,'Christian','Chuco','43645452',NULL,NULL,26),(27,'Jhon','Ayala','44469298',NULL,NULL,27),(28,'Ricardo','Mini','45946643',NULL,NULL,28),(29,'José','Martinez','43493307',NULL,NULL,29),(30,'Verónica','Alegre','44758889',NULL,NULL,30),(31,'Jenifer','Ayapi','42702054',NULL,NULL,31),(32,'Jose Antonio','Murga','43219446',NULL,NULL,32),(33,'Monica','Diaz','46730010',NULL,NULL,33),(34,'Nitai','Berrú','45852073',NULL,NULL,34),(35,'Angela','Capillo','46090350',NULL,NULL,35),(36,'Susanita','Rodriguez','25741745',NULL,NULL,36),(37,'Jesús','Diestra','71814308',NULL,NULL,37),(38,'Sandy','Espiritu','44920182',NULL,NULL,38),(39,'Carlos ','Gutierrez','45095522',NULL,NULL,39),(40,'Carmen','Valencia','45337247',NULL,NULL,40),(41,'William','Flores','45349333',NULL,NULL,41),(42,'Patrick','Salguero','70570294',NULL,NULL,42),(43,'Daniel','Delgado','48374648',NULL,NULL,43),(44,'Luis','Alarcon','40649009',NULL,NULL,44),(45,'Alex','Merejildo','43397560',NULL,NULL,45),(46,'Hugo','Valenza','42335480',NULL,NULL,46),(47,'Sergio','Aragon','71400902',NULL,NULL,47),(48,'Amelia','Bravo','43784250',NULL,NULL,48),(49,'Frank ','Flores','44927811',NULL,NULL,49),(50,'Sebastian','Caceres','46263913',NULL,NULL,50),(51,'Cristina','Fuentes','46844385',NULL,NULL,51),(52,'Guillermo','Asto','45219439',NULL,NULL,52),(53,'Alexander','Olivares','73119372',NULL,NULL,54),(54,'Natalia','López','74939080',NULL,NULL,55),(55,'Alfie',NULL,'44045431',NULL,NULL,56),(56,'Daniel',NULL,'42884137',NULL,NULL,57);
/*!40000 ALTER TABLE `guests` ENABLE KEYS */;
UNLOCK TABLES;

--
-- Table structure for table `images`
--

DROP TABLE IF EXISTS `images`;
/*!40101 SET @saved_cs_client     = @@character_set_client */;
/*!50503 SET character_set_client = utf8mb4 */;
CREATE TABLE `images` (
  `id` int(11) NOT NULL AUTO_INCREMENT,
  `path` varchar(250) COLLATE utf8_unicode_ci DEFAULT NULL,
  `created_at` timestamp NULL DEFAULT NULL,
  `updated_at` timestamp NULL DEFAULT NULL,
  `name` varchar(250) COLLATE utf8_unicode_ci DEFAULT NULL,
  `idGuest` int(11) DEFAULT NULL,
  PRIMARY KEY (`id`)
) ENGINE=InnoDB AUTO_INCREMENT=58 DEFAULT CHARSET=utf8 COLLATE=utf8_unicode_ci;
/*!40101 SET character_set_client = @saved_cs_client */;

--
-- Dumping data for table `images`
--

LOCK TABLES `images` WRITE;
/*!40000 ALTER TABLE `images` DISABLE KEYS */;
INSERT INTO `images` VALUES (1,'invitados/77907689.jpg',NULL,NULL,'Carolina ',1),(2,'invitados/46038633.jpg',NULL,NULL,'Marco',1),(3,'invitados/47450094.jpg',NULL,NULL,'Josseline',1),(4,'invitados/47007606.jpg',NULL,NULL,'Luis',1),(5,'invitados/06860685.jpg',NULL,NULL,'Lily',1),(6,'invitados/06860685.jpg',NULL,NULL,'Manuel',1),(7,'invitados/41649742.jpg',NULL,NULL,'Ruth',1),(8,'invitados/40423136.jpg',NULL,NULL,'Nilton',1),(9,'invitados/07624638.jpg',NULL,NULL,'Freddy',1),(10,'invitados/44048231.jpg',NULL,NULL,'Cinthia',1),(11,'invitados/43070780.jpg',NULL,NULL,'Billy ',1),(12,'invitados/07683169.jpg',NULL,NULL,'Rosario',1),(13,'invitados/07656354.jpg',NULL,NULL,'Guillermo',1),(14,'invitados/46316735.jpg',NULL,NULL,'Juan',1),(15,'invitados/70063819.jpg',NULL,NULL,'Ceci',1),(16,'invitados/01780287.jpg',NULL,NULL,'Jessika ',1),(17,'invitados/42526536.jpg',NULL,NULL,'Kathe',1),(18,'invitados/41506329.jpg',NULL,NULL,'Juan Enrique',1),(19,'invitados/74203910.jpg',NULL,NULL,'María José',1),(20,'invitados/44385650.jpg',NULL,NULL,'Raul',1),(21,'invitados/43172147.jpg',NULL,NULL,'Liliana',1),(22,'invitados/43986440.jpg',NULL,NULL,'Naptaly',1),(23,'invitados/47726362.jpg',NULL,NULL,'Javier',1),(24,'invitados/77418122.jpg',NULL,NULL,'Antonella',1),(25,'invitados/44322742.jpg',NULL,NULL,'Guillermo',1),(26,'invitados/43645452.jpg',NULL,NULL,'Christian',1),(27,'invitados/44469298.jpg',NULL,NULL,'Jhon',1),(28,'invitados/45946643.jpg',NULL,NULL,'Ricardo',1),(29,'invitados/43493307.jpg',NULL,NULL,'José',1),(30,'invitados/44758889.jpg',NULL,NULL,'Verónica',1),(31,'invitados/42702054.jpg',NULL,NULL,'Jenifer',1),(32,'invitados/43219446.jpg',NULL,NULL,'Jose Antonio',1),(33,'invitados/46730010.jpg',NULL,NULL,'Monica',1),(34,'invitados/45852073.jpg',NULL,NULL,'Nitai',1),(35,'invitados/46090350.jpg',NULL,NULL,'Angela',1),(36,'invitados/25741745.jpg',NULL,NULL,'Susanita',1),(37,'invitados/71814308.jpg',NULL,NULL,'Jesús',1),(38,'invitados/44920182.jpg',NULL,NULL,'Sandy',1),(39,'invitados/45095522.jpg',NULL,NULL,'Carlos ',1),(40,'invitados/45337247.jpg',NULL,NULL,'Carmen',1),(41,'invitados/45349333.jpg',NULL,NULL,'William',1),(42,'invitados/70570294.jpg',NULL,NULL,'Patrick',1),(43,'invitados/48374648.jpg',NULL,NULL,'Daniel',1),(44,'invitados/40649009.jpg',NULL,NULL,'Luis',1),(45,'invitados/43397560.jpg',NULL,NULL,'Alex',1),(46,'invitados/42335480.jpg',NULL,NULL,'Hugo',1),(47,'invitados/71400902.jpg',NULL,NULL,'Sergio',1),(48,'invitados/43784250.jpg',NULL,NULL,'Amelia',1),(49,'invitados/44927811.jpg',NULL,NULL,'Frank ',1),(50,'invitados/46263913.jpg',NULL,NULL,'Sebastian',1),(51,'invitados/46844385.jpg',NULL,NULL,'Cristina',1),(52,'invitados/45219439.jpg',NULL,NULL,'Guillermo',1),(53,'2021/08/15/611951c681b09.jpeg','2021-08-15 19:41:26','2021-08-15 19:41:26','Feliz',20),(54,'invitados/73119372.jpg',NULL,NULL,'Alex Olivares',1),(55,'invitados/74939080.jpg',NULL,NULL,'Natalia',1),(56,'invitados/44045431.jpg',NULL,NULL,'Alfie',1),(57,'invitados/42884137.jpg',NULL,NULL,'Daniel',1);
/*!40000 ALTER TABLE `images` ENABLE KEYS */;
UNLOCK TABLES;

--
-- Table structure for table `logs`
--

DROP TABLE IF EXISTS `logs`;
/*!40101 SET @saved_cs_client     = @@character_set_client */;
/*!50503 SET character_set_client = utf8mb4 */;
CREATE TABLE `logs` (
  `id` int(11) NOT NULL AUTO_INCREMENT,
  `user` varchar(45) COLLATE utf8_unicode_ci DEFAULT NULL,
  `event` varchar(250) COLLATE utf8_unicode_ci DEFAULT NULL,
  `detail` varchar(250) COLLATE utf8_unicode_ci DEFAULT NULL,
  `created_at` timestamp NULL DEFAULT NULL,
  `updated_at` timestamp NULL DEFAULT NULL,
  PRIMARY KEY (`id`)
) ENGINE=InnoDB AUTO_INCREMENT=788 DEFAULT CHARSET=utf8 COLLATE=utf8_unicode_ci;
/*!40101 SET character_set_client = @saved_cs_client */;

--
-- Dumping data for table `logs`
--

LOCK TABLES `logs` WRITE;
/*!40000 ALTER TABLE `logs` DISABLE KEYS */;
INSERT INTO `logs` VALUES (5,'14','Open modal','mensajes','2021-08-14 01:51:07','2021-08-14 01:51:07'),(6,'0','Buscando',NULL,'2021-08-14 01:52:48','2021-08-14 01:52:48'),(7,'14','Encontrado','07656354','2021-08-14 01:52:49','2021-08-14 01:52:49'),(8,'14','No cargo Imagen','07656354','2021-08-14 01:52:51','2021-08-14 01:52:51'),(9,'14','Open modal','mensajes','2021-08-14 01:52:53','2021-08-14 01:52:53'),(10,'14','Encontrado','07656354','2021-08-14 01:58:49','2021-08-14 01:58:49'),(11,'14','Buscando',NULL,'2021-08-14 01:58:51','2021-08-14 01:58:51'),(12,'14','No cargo Imagen','07656354','2021-08-14 01:58:52','2021-08-14 01:58:52'),(13,'14','Open modal','mensajes','2021-08-14 01:58:55','2021-08-14 01:58:55'),(14,'0','Buscando','07625638','2021-08-14 02:14:45','2021-08-14 02:14:45'),(15,'10','Encontrado','07625638','2021-08-14 02:14:46','2021-08-14 02:14:46'),(16,'10','No cargo Imagen','07625638','2021-08-14 02:14:48','2021-08-14 02:14:48'),(17,'10','Go falabella',NULL,'2021-08-14 02:14:57','2021-08-14 02:14:57'),(18,'10','Open modal','map','2021-08-14 02:15:28','2021-08-14 02:15:28'),(19,'10','Click Waze',NULL,'2021-08-14 02:15:38','2021-08-14 02:15:38'),(20,'10','Buscando','07625638','2021-08-14 02:16:13','2021-08-14 02:16:13'),(21,'10','Encontrado','07625638','2021-08-14 02:16:15','2021-08-14 02:16:15'),(22,'10','No cargo Imagen','07625638','2021-08-14 02:16:17','2021-08-14 02:16:17'),(23,'10','Open modal','mensajes','2021-08-14 02:16:18','2021-08-14 02:16:18'),(24,'10','Cargaron me mensajes',NULL,'2021-08-14 02:16:19','2021-08-14 02:16:19'),(25,'10','Mensaje error envio',NULL,'2021-08-14 02:16:29','2021-08-14 02:16:29'),(26,'10','Mensaje error envio',NULL,'2021-08-14 02:16:42','2021-08-14 02:16:42'),(27,'0','Buscando','45852073','2021-08-14 02:17:41','2021-08-14 02:17:41'),(28,'34','Encontrado','45852073','2021-08-14 02:17:42','2021-08-14 02:17:42'),(29,'34','Cargo Imagen','45852073','2021-08-14 02:17:43','2021-08-14 02:17:43'),(30,'34','Go falabella',NULL,'2021-08-14 02:17:50','2021-08-14 02:17:50'),(31,'34','Open modal','map','2021-08-14 02:18:31','2021-08-14 02:18:31'),(32,'34','Open modal','mensajes','2021-08-14 02:18:38','2021-08-14 02:18:38'),(33,'34','Cargaron me mensajes',NULL,'2021-08-14 02:18:39','2021-08-14 02:18:39'),(34,'34','Subiendo Imagen',NULL,'2021-08-14 02:18:47','2021-08-14 02:18:47'),(35,'0','Buscando','46316735','2021-08-14 02:20:20','2021-08-14 02:20:20'),(36,'15','Encontrado','46316735','2021-08-14 02:20:22','2021-08-14 02:20:22'),(37,'15','Cargo Imagen','46316735','2021-08-14 02:20:23','2021-08-14 02:20:23'),(38,'34','Buscando','45852073','2021-08-14 02:20:48','2021-08-14 02:20:48'),(39,'34','Encontrado','45852073','2021-08-14 02:20:49','2021-08-14 02:20:49'),(40,'34','Cargo Imagen','45852073','2021-08-14 02:20:50','2021-08-14 02:20:50'),(41,'15','Open modal','map','2021-08-14 02:21:01','2021-08-14 02:21:01'),(42,'15','Open modal','mensajes','2021-08-14 02:21:26','2021-08-14 02:21:26'),(43,'15','Cargaron me mensajes',NULL,'2021-08-14 02:21:30','2021-08-14 02:21:30'),(44,'34','Open modal','map','2021-08-14 02:21:40','2021-08-14 02:21:40'),(45,'34','Click Waze',NULL,'2021-08-14 02:21:42','2021-08-14 02:21:42'),(46,'0','Buscando','07656354','2021-08-14 02:21:58','2021-08-14 02:21:58'),(47,'14','Encontrado','07656354','2021-08-14 02:21:59','2021-08-14 02:21:59'),(48,'14','No cargo Imagen','07656354','2021-08-14 02:22:00','2021-08-14 02:22:00'),(49,'34','Open modal','mensajes','2021-08-14 02:22:01','2021-08-14 02:22:01'),(50,'34','Cargaron me mensajes',NULL,'2021-08-14 02:22:01','2021-08-14 02:22:01'),(51,'14','Open modal','map','2021-08-14 02:22:02','2021-08-14 02:22:02'),(52,'14','Click Waze',NULL,'2021-08-14 02:22:08','2021-08-14 02:22:08'),(53,'0','Buscando','04656354','2021-08-14 02:22:26','2021-08-14 02:22:26'),(54,'0','No se encontro el document','04656354','2021-08-14 02:22:27','2021-08-14 02:22:27'),(55,'0','Buscando','07656354','2021-08-14 02:22:32','2021-08-14 02:22:32'),(56,'14','Encontrado','07656354','2021-08-14 02:22:33','2021-08-14 02:22:33'),(57,'14','No cargo Imagen','07656354','2021-08-14 02:22:34','2021-08-14 02:22:34'),(58,'14','Open modal','mensajes','2021-08-14 02:22:38','2021-08-14 02:22:38'),(59,'14','Cargaron me mensajes',NULL,'2021-08-14 02:22:39','2021-08-14 02:22:39'),(60,'0','Buscando','4585203','2021-08-14 02:23:06','2021-08-14 02:23:06'),(61,'0','No se encontro el document','4585203','2021-08-14 02:23:07','2021-08-14 02:23:07'),(62,'0','Buscando','4585203','2021-08-14 02:23:22','2021-08-14 02:23:22'),(63,'0','No se encontro el document','4585203','2021-08-14 02:23:23','2021-08-14 02:23:23'),(64,'0','Buscando','4585203','2021-08-14 02:23:32','2021-08-14 02:23:32'),(65,'0','No se encontro el document','4585203','2021-08-14 02:23:33','2021-08-14 02:23:33'),(66,'0','Buscando','45852073','2021-08-14 02:23:47','2021-08-14 02:23:47'),(67,'34','Encontrado','45852073','2021-08-14 02:23:48','2021-08-14 02:23:48'),(68,'34','Cargo Imagen','45852073','2021-08-14 02:23:51','2021-08-14 02:23:51'),(69,'34','Open modal','map','2021-08-14 02:24:04','2021-08-14 02:24:04'),(70,'34','Open modal','map','2021-08-14 02:24:29','2021-08-14 02:24:29'),(71,'0','Buscando','45852073','2021-08-14 02:24:40','2021-08-14 02:24:40'),(72,'34','Encontrado','45852073','2021-08-14 02:24:41','2021-08-14 02:24:41'),(73,'34','Cargo Imagen','45852073','2021-08-14 02:24:41','2021-08-14 02:24:41'),(74,'34','Open modal','mensajes','2021-08-14 02:24:43','2021-08-14 02:24:43'),(75,'34','Cargaron me mensajes',NULL,'2021-08-14 02:24:44','2021-08-14 02:24:44'),(76,'0','Buscando','07656354','2021-08-14 02:26:50','2021-08-14 02:26:50'),(77,'14','Encontrado','07656354','2021-08-14 02:26:52','2021-08-14 02:26:52'),(78,'14','No cargo Imagen','07656354','2021-08-14 02:26:53','2021-08-14 02:26:53'),(79,'14','Open modal','map','2021-08-14 02:26:58','2021-08-14 02:26:58'),(80,'10','Subiendo Imagen',NULL,'2021-08-14 02:35:12','2021-08-14 02:35:12'),(81,'10','Cargaron me mensajes',NULL,'2021-08-14 02:35:15','2021-08-14 02:35:15'),(82,'10','Mensaje enviado',NULL,'2021-08-14 02:35:16','2021-08-14 02:35:16'),(83,'10','Mensaje enviado',NULL,'2021-08-14 02:35:37','2021-08-14 02:35:37'),(84,'10','Cargaron me mensajes',NULL,'2021-08-14 02:35:38','2021-08-14 02:35:38'),(85,'10','Mensaje enviado',NULL,'2021-08-14 02:36:04','2021-08-14 02:36:04'),(86,'10','Cargaron me mensajes',NULL,'2021-08-14 02:36:05','2021-08-14 02:36:05'),(87,'0','Buscando','45852073','2021-08-14 09:15:36','2021-08-14 09:15:36'),(88,'34','Encontrado','45852073','2021-08-14 09:15:36','2021-08-14 09:15:36'),(89,'34','Cargo Imagen','45852073','2021-08-14 09:15:37','2021-08-14 09:15:37'),(90,'34','Open modal','map','2021-08-14 09:15:53','2021-08-14 09:15:53'),(91,'0','Buscando','07656354','2021-08-14 14:45:17','2021-08-14 14:45:17'),(92,'14','Encontrado','07656354','2021-08-14 14:45:18','2021-08-14 14:45:18'),(93,'14','No cargo Imagen','07656354','2021-08-14 14:45:18','2021-08-14 14:45:18'),(94,'14','Open modal','map','2021-08-14 14:45:21','2021-08-14 14:45:21'),(95,'14','Click Waze',NULL,'2021-08-14 14:45:24','2021-08-14 14:45:24'),(96,'0','Buscando','45219439','2021-08-14 14:46:54','2021-08-14 14:46:54'),(97,'0','No se encontro el document','45219439','2021-08-14 14:46:54','2021-08-14 14:46:54'),(98,'0','Buscando','07646354','2021-08-14 14:47:02','2021-08-14 14:47:02'),(99,'0','No se encontro el document','07646354','2021-08-14 14:47:03','2021-08-14 14:47:03'),(100,'0','Buscando','07656354','2021-08-14 14:47:08','2021-08-14 14:47:08'),(101,'14','Encontrado','07656354','2021-08-14 14:47:09','2021-08-14 14:47:09'),(102,'14','No cargo Imagen','07656354','2021-08-14 14:47:10','2021-08-14 14:47:10'),(103,'14','Open modal','map','2021-08-14 14:47:13','2021-08-14 14:47:13'),(104,'14','Open modal','mensajes','2021-08-14 14:47:17','2021-08-14 14:47:17'),(105,'14','Cargaron me mensajes',NULL,'2021-08-14 14:47:17','2021-08-14 14:47:17'),(106,'14','Mensaje enviado',NULL,'2021-08-14 14:47:21','2021-08-14 14:47:21'),(107,'14','Cargaron me mensajes',NULL,'2021-08-14 14:47:22','2021-08-14 14:47:22'),(108,'14','Open modal','map','2021-08-14 14:47:34','2021-08-14 14:47:34'),(109,'14','Open modal','mensajes','2021-08-14 14:47:40','2021-08-14 14:47:40'),(110,'14','Cargaron me mensajes',NULL,'2021-08-14 14:47:40','2021-08-14 14:47:40'),(111,'0','Buscando','07656354','2021-08-14 14:48:12','2021-08-14 14:48:12'),(112,'14','Encontrado','07656354','2021-08-14 14:48:14','2021-08-14 14:48:14'),(113,'14','No cargo Imagen','07656354','2021-08-14 14:48:16','2021-08-14 14:48:16'),(114,'14','Open modal','mensajes','2021-08-14 14:48:19','2021-08-14 14:48:19'),(115,'14','Cargaron me mensajes',NULL,'2021-08-14 14:48:20','2021-08-14 14:48:20'),(116,'14','Open modal','mensajes','2021-08-14 14:53:21','2021-08-14 14:53:21'),(117,'14','Cargaron me mensajes',NULL,'2021-08-14 14:53:21','2021-08-14 14:53:21'),(118,'14','Subiendo Imagen',NULL,'2021-08-14 14:54:06','2021-08-14 14:54:06'),(119,'14','Mensaje enviado',NULL,'2021-08-14 14:54:24','2021-08-14 14:54:24'),(120,'14','Cargaron me mensajes',NULL,'2021-08-14 14:54:25','2021-08-14 14:54:25'),(121,'0','Buscando','07656354','2021-08-14 14:57:58','2021-08-14 14:57:58'),(122,'14','Encontrado','07656354','2021-08-14 14:57:59','2021-08-14 14:57:59'),(123,'14','No cargo Imagen','07656354','2021-08-14 14:58:00','2021-08-14 14:58:00'),(124,'14','Open modal','mensajes','2021-08-14 14:58:02','2021-08-14 14:58:02'),(125,'14','Cargaron me mensajes',NULL,'2021-08-14 14:58:03','2021-08-14 14:58:03'),(126,'14','Open modal','mensajes','2021-08-14 14:58:10','2021-08-14 14:58:10'),(127,'14','Cargaron me mensajes',NULL,'2021-08-14 14:58:10','2021-08-14 14:58:10'),(128,'14','Buscando','07656354','2021-08-14 15:00:23','2021-08-14 15:00:23'),(129,'14','Encontrado','07656354','2021-08-14 15:00:25','2021-08-14 15:00:25'),(130,'14','No cargo Imagen','07656354','2021-08-14 15:00:27','2021-08-14 15:00:27'),(131,'14','Open modal','mensajes','2021-08-14 15:00:31','2021-08-14 15:00:31'),(132,'14','Cargaron me mensajes',NULL,'2021-08-14 15:00:32','2021-08-14 15:00:32'),(133,'14','Buscando','04656354','2021-08-14 15:02:25','2021-08-14 15:02:25'),(134,'14','No se encontro el document','04656354','2021-08-14 15:02:27','2021-08-14 15:02:27'),(135,'14','Buscando','07656354','2021-08-14 15:03:55','2021-08-14 15:03:55'),(136,'14','Encontrado','07656354','2021-08-14 15:03:56','2021-08-14 15:03:56'),(137,'14','No cargo Imagen','07656354','2021-08-14 15:03:57','2021-08-14 15:03:57'),(138,'14','Open modal','mensajes','2021-08-14 15:04:00','2021-08-14 15:04:00'),(139,'14','Cargaron me mensajes',NULL,'2021-08-14 15:04:01','2021-08-14 15:04:01'),(140,'14','Cargaron me mensajes',NULL,'2021-08-14 15:05:51','2021-08-14 15:05:51'),(141,'14','No se encontro el document','45219439','2021-08-14 15:06:54','2021-08-14 15:06:54'),(142,'14','Buscando','45219439','2021-08-14 15:06:55','2021-08-14 15:06:55'),(143,'14','Buscando','07656354','2021-08-14 15:07:00','2021-08-14 15:07:00'),(144,'14','Encontrado','07656354','2021-08-14 15:07:00','2021-08-14 15:07:00'),(145,'14','No cargo Imagen','07656354','2021-08-14 15:07:01','2021-08-14 15:07:01'),(146,'14','Open modal','mensajes','2021-08-14 15:07:03','2021-08-14 15:07:03'),(147,'14','Cargaron me mensajes',NULL,'2021-08-14 15:07:03','2021-08-14 15:07:03'),(148,'14','Open modal','map','2021-08-14 15:07:21','2021-08-14 15:07:21'),(149,'0','Buscando','07625638','2021-08-14 15:09:18','2021-08-14 15:09:18'),(150,'10','Encontrado','07625638','2021-08-14 15:09:19','2021-08-14 15:09:19'),(151,'10','No cargo Imagen','07625638','2021-08-14 15:09:21','2021-08-14 15:09:21'),(152,'10','Open modal','map','2021-08-14 15:09:32','2021-08-14 15:09:32'),(153,'10','Open modal','mensajes','2021-08-14 15:09:43','2021-08-14 15:09:43'),(154,'10','Cargaron me mensajes',NULL,'2021-08-14 15:09:43','2021-08-14 15:09:43'),(155,'10','Mensaje enviado',NULL,'2021-08-14 15:09:57','2021-08-14 15:09:57'),(156,'10','Cargaron me mensajes',NULL,'2021-08-14 15:09:57','2021-08-14 15:09:57'),(157,'10','Subiendo Imagen',NULL,'2021-08-14 15:10:00','2021-08-14 15:10:00'),(158,'10','Mensaje enviado',NULL,'2021-08-14 15:11:09','2021-08-14 15:11:09'),(159,'10','Cargaron me mensajes',NULL,'2021-08-14 15:11:09','2021-08-14 15:11:09'),(160,'10','Buscando','07625638','2021-08-14 15:12:41','2021-08-14 15:12:41'),(161,'10','Encontrado','07625638','2021-08-14 15:12:42','2021-08-14 15:12:42'),(162,'10','No cargo Imagen','07625638','2021-08-14 15:12:42','2021-08-14 15:12:42'),(163,'10','Go falabella',NULL,'2021-08-14 15:13:12','2021-08-14 15:13:12'),(164,'1','Buscando','07656354','2021-08-14 15:13:38','2021-08-14 15:13:38'),(165,'14','Encontrado','07656354','2021-08-14 15:13:38','2021-08-14 15:13:38'),(166,'14','No cargo Imagen','07656354','2021-08-14 15:13:39','2021-08-14 15:13:39'),(167,'14','Open modal','mensajes','2021-08-14 15:13:53','2021-08-14 15:13:53'),(168,'14','Cargaron me mensajes',NULL,'2021-08-14 15:13:54','2021-08-14 15:13:54'),(169,'14','Subiendo Imagen',NULL,'2021-08-14 15:13:57','2021-08-14 15:13:57'),(170,'14','Subiendo Imagen',NULL,'2021-08-14 15:14:12','2021-08-14 15:14:12'),(171,'14','Subiendo Imagen',NULL,'2021-08-14 15:14:48','2021-08-14 15:14:48'),(172,'0','Buscando','46316735','2021-08-14 15:43:00','2021-08-14 15:43:00'),(173,'15','Encontrado','46316735','2021-08-14 15:43:01','2021-08-14 15:43:01'),(174,'15','Cargo Imagen','46316735','2021-08-14 15:43:02','2021-08-14 15:43:02'),(175,'15','Open modal','mensajes','2021-08-14 15:43:05','2021-08-14 15:43:05'),(176,'15','Cargaron me mensajes',NULL,'2021-08-14 15:43:05','2021-08-14 15:43:05'),(177,'0','Buscando','46316735','2021-08-14 15:43:26','2021-08-14 15:43:26'),(178,'15','Encontrado','46316735','2021-08-14 15:43:26','2021-08-14 15:43:26'),(179,'15','Cargo Imagen','46316735','2021-08-14 15:43:26','2021-08-14 15:43:26'),(180,'15','Open modal','map','2021-08-14 15:43:37','2021-08-14 15:43:37'),(181,'15','Click Waze',NULL,'2021-08-14 15:43:42','2021-08-14 15:43:42'),(182,'0','Buscando','07625638','2021-08-14 16:36:56','2021-08-14 16:36:56'),(183,'10','Encontrado','07625638','2021-08-14 16:36:57','2021-08-14 16:36:57'),(184,'10','No cargo Imagen','07625638','2021-08-14 16:36:58','2021-08-14 16:36:58'),(185,'0','Buscando','45219439','2021-08-14 18:05:18','2021-08-14 18:05:18'),(186,'52','Encontrado','45219439','2021-08-14 18:05:19','2021-08-14 18:05:19'),(187,'52','Cargo Imagen','45219439','2021-08-14 18:05:20','2021-08-14 18:05:20'),(188,'14','Buscando','452194','2021-08-14 18:06:07','2021-08-14 18:06:07'),(189,'14','No se encontro el document','452194','2021-08-14 18:06:07','2021-08-14 18:06:07'),(190,'14','Buscando','45219439','2021-08-14 18:06:13','2021-08-14 18:06:13'),(191,'52','Encontrado','45219439','2021-08-14 18:06:14','2021-08-14 18:06:14'),(192,'52','Cargo Imagen','45219439','2021-08-14 18:06:16','2021-08-14 18:06:16'),(193,'52','Open modal','map','2021-08-14 18:06:20','2021-08-14 18:06:20'),(194,'52','Click Waze',NULL,'2021-08-14 18:06:23','2021-08-14 18:06:23'),(195,'0','Buscando','07624638','2021-08-14 18:07:52','2021-08-14 18:07:52'),(196,'9','Encontrado','07624638','2021-08-14 18:07:53','2021-08-14 18:07:53'),(197,'9','Cargo Imagen','07624638','2021-08-14 18:07:56','2021-08-14 18:07:56'),(198,'9','Open modal','mensajes','2021-08-14 18:08:04','2021-08-14 18:08:04'),(199,'9','Cargaron me mensajes',NULL,'2021-08-14 18:08:05','2021-08-14 18:08:05'),(200,'9','Buscando','44385650','2021-08-14 18:08:37','2021-08-14 18:08:37'),(201,'20','Encontrado','44385650','2021-08-14 18:08:38','2021-08-14 18:08:38'),(202,'20','Cargo Imagen','44385650','2021-08-14 18:08:39','2021-08-14 18:08:39'),(203,'20','Open modal','mensajes','2021-08-14 18:08:51','2021-08-14 18:08:51'),(204,'20','Cargaron me mensajes',NULL,'2021-08-14 18:08:52','2021-08-14 18:08:52'),(205,'20','Open modal','map','2021-08-14 18:09:01','2021-08-14 18:09:01'),(206,'20','Click Waze',NULL,'2021-08-14 18:09:03','2021-08-14 18:09:03'),(207,'20','Buscando','43172147','2021-08-14 18:09:45','2021-08-14 18:09:45'),(208,'21','Encontrado','43172147','2021-08-14 18:09:46','2021-08-14 18:09:46'),(209,'21','No cargo Imagen','43172147','2021-08-14 18:09:47','2021-08-14 18:09:47'),(210,'0','Buscando','43172147','2021-08-14 18:11:32','2021-08-14 18:11:32'),(211,'21','Encontrado','43172147','2021-08-14 18:11:33','2021-08-14 18:11:33'),(212,'21','No cargo Imagen','43172147','2021-08-14 18:11:34','2021-08-14 18:11:34'),(213,'21','Buscando','43172147','2021-08-14 18:11:40','2021-08-14 18:11:40'),(214,'21','Encontrado','43172147','2021-08-14 18:11:41','2021-08-14 18:11:41'),(215,'21','No cargo Imagen','43172147','2021-08-14 18:11:41','2021-08-14 18:11:41'),(216,'21','Buscando','46844385','2021-08-14 18:14:46','2021-08-14 18:14:46'),(217,'51','Encontrado','46844385','2021-08-14 18:14:47','2021-08-14 18:14:47'),(218,'51','Cargo Imagen','46844385','2021-08-14 18:14:49','2021-08-14 18:14:49'),(219,'51','Buscando','43172147','2021-08-14 18:15:08','2021-08-14 18:15:08'),(220,'21','Encontrado','43172147','2021-08-14 18:15:09','2021-08-14 18:15:09'),(221,'21','Cargo Imagen','43172147','2021-08-14 18:15:10','2021-08-14 18:15:10'),(222,'21','Buscando','42702054','2021-08-14 18:16:17','2021-08-14 18:16:17'),(223,'31','Encontrado','42702054','2021-08-14 18:16:17','2021-08-14 18:16:17'),(224,'31','Cargo Imagen','42702054','2021-08-14 18:16:19','2021-08-14 18:16:19'),(225,'31','Buscando','43219446','2021-08-14 18:16:37','2021-08-14 18:16:37'),(226,'32','Encontrado','43219446','2021-08-14 18:16:38','2021-08-14 18:16:38'),(227,'32','Cargo Imagen','43219446','2021-08-14 18:16:44','2021-08-14 18:16:44'),(228,'32','Buscando','44385650','2021-08-14 18:17:04','2021-08-14 18:17:04'),(229,'20','Encontrado','44385650','2021-08-14 18:17:04','2021-08-14 18:17:04'),(230,'20','Cargo Imagen','44385650','2021-08-14 18:17:04','2021-08-14 18:17:04'),(231,'20','Open modal','map','2021-08-14 18:17:12','2021-08-14 18:17:12'),(232,'0','Buscando','44385650','2021-08-14 18:18:50','2021-08-14 18:18:50'),(233,'20','Encontrado','44385650','2021-08-14 18:18:50','2021-08-14 18:18:50'),(234,'20','Cargo Imagen','44385650','2021-08-14 18:18:51','2021-08-14 18:18:51'),(235,'0','Buscando','46316735','2021-08-14 18:18:51','2021-08-14 18:18:51'),(236,'14','Encontrado','46316735','2021-08-14 18:18:52','2021-08-14 18:18:52'),(237,'14','Cargo Imagen','46316735','2021-08-14 18:18:52','2021-08-14 18:18:52'),(238,'20','Go falabella',NULL,'2021-08-14 18:18:59','2021-08-14 18:18:59'),(239,'0','Buscando','47450094','2021-08-14 18:19:15','2021-08-14 18:19:15'),(240,'3','Encontrado','47450094','2021-08-14 18:19:15','2021-08-14 18:19:15'),(241,'3','Cargo Imagen','47450094','2021-08-14 18:19:16','2021-08-14 18:19:16'),(242,'3','Open modal','map','2021-08-14 18:19:43','2021-08-14 18:19:43'),(243,'0','Buscando','42526536','2021-08-14 18:20:32','2021-08-14 18:20:32'),(244,'17','Encontrado','42526536','2021-08-14 18:20:33','2021-08-14 18:20:33'),(245,'17','No cargo Imagen','42526536','2021-08-14 18:20:34','2021-08-14 18:20:34'),(246,'0','Buscando','42702054','2021-08-14 18:20:38','2021-08-14 18:20:38'),(247,'31','Encontrado','42702054','2021-08-14 18:20:39','2021-08-14 18:20:39'),(248,'31','Cargo Imagen','42702054','2021-08-14 18:20:40','2021-08-14 18:20:40'),(249,'0','Buscando','47007606','2021-08-14 18:20:50','2021-08-14 18:20:50'),(250,'4','Encontrado','47007606','2021-08-14 18:20:50','2021-08-14 18:20:50'),(251,'4','Cargo Imagen','47007606','2021-08-14 18:20:51','2021-08-14 18:20:51'),(252,'31','Go falabella',NULL,'2021-08-14 18:20:55','2021-08-14 18:20:55'),(253,'17','Go falabella',NULL,'2021-08-14 18:21:04','2021-08-14 18:21:04'),(254,'17','Open modal','map','2021-08-14 18:21:33','2021-08-14 18:21:33'),(255,'0','Buscando','46263913','2021-08-14 18:21:46','2021-08-14 18:21:46'),(256,'50','Encontrado','46263913','2021-08-14 18:21:46','2021-08-14 18:21:46'),(257,'50','Cargo Imagen','46263913','2021-08-14 18:21:47','2021-08-14 18:21:47'),(258,'50','Open modal','map','2021-08-14 18:22:12','2021-08-14 18:22:12'),(259,'0','Buscando','40649009','2021-08-14 18:23:29','2021-08-14 18:23:29'),(260,'44','Encontrado','40649009','2021-08-14 18:23:30','2021-08-14 18:23:30'),(261,'44','Cargo Imagen','40649009','2021-08-14 18:23:31','2021-08-14 18:23:31'),(262,'0','Buscando','42526536','2021-08-14 18:23:47','2021-08-14 18:23:47'),(263,'17','Encontrado','42526536','2021-08-14 18:23:47','2021-08-14 18:23:47'),(264,'17','No cargo Imagen','42526536','2021-08-14 18:23:48','2021-08-14 18:23:48'),(265,'44','Open modal','map','2021-08-14 18:23:51','2021-08-14 18:23:51'),(266,'0','Buscando','42335480','2021-08-14 18:23:51','2021-08-14 18:23:51'),(267,'46','Encontrado','42335480','2021-08-14 18:23:52','2021-08-14 18:23:52'),(268,'46','Cargo Imagen','42335480','2021-08-14 18:23:52','2021-08-14 18:23:52'),(269,'17','Go falabella',NULL,'2021-08-14 18:23:55','2021-08-14 18:23:55'),(270,'46','Go falabella',NULL,'2021-08-14 18:24:13','2021-08-14 18:24:13'),(271,'0','Buscando','44385650','2021-08-14 18:24:25','2021-08-14 18:24:25'),(272,'20','Cargo Imagen','44385650','2021-08-14 18:24:26','2021-08-14 18:24:26'),(273,'20','Encontrado','44385650','2021-08-14 18:24:26','2021-08-14 18:24:26'),(274,'20','Open modal','mensajes','2021-08-14 18:24:27','2021-08-14 18:24:27'),(275,'20','Cargaron me mensajes',NULL,'2021-08-14 18:24:28','2021-08-14 18:24:28'),(276,'0','Buscando','71400902','2021-08-14 18:24:59','2021-08-14 18:24:59'),(277,'47','Encontrado','71400902','2021-08-14 18:25:00','2021-08-14 18:25:00'),(278,'47','Cargo Imagen','71400902','2021-08-14 18:25:00','2021-08-14 18:25:00'),(279,'47','Go falabella',NULL,'2021-08-14 18:25:12','2021-08-14 18:25:12'),(280,'47','Open modal','map','2021-08-14 18:25:22','2021-08-14 18:25:22'),(281,'31','Open modal','map','2021-08-14 18:25:30','2021-08-14 18:25:30'),(282,'31','Open modal','mensajes','2021-08-14 18:26:05','2021-08-14 18:26:05'),(283,'31','Cargaron me mensajes',NULL,'2021-08-14 18:26:06','2021-08-14 18:26:06'),(284,'31','Open modal','mensajes','2021-08-14 18:26:17','2021-08-14 18:26:17'),(285,'31','Cargaron me mensajes',NULL,'2021-08-14 18:26:18','2021-08-14 18:26:18'),(286,'0','Buscando','70570294','2021-08-14 18:26:42','2021-08-14 18:26:42'),(287,'42','Encontrado','70570294','2021-08-14 18:26:42','2021-08-14 18:26:42'),(288,'42','Cargo Imagen','70570294','2021-08-14 18:26:43','2021-08-14 18:26:43'),(289,'0','Buscando','45946643','2021-08-14 18:26:47','2021-08-14 18:26:47'),(290,'28','Encontrado','45946643','2021-08-14 18:26:47','2021-08-14 18:26:47'),(291,'28','Cargo Imagen','45946643','2021-08-14 18:26:49','2021-08-14 18:26:49'),(292,'28','Go falabella',NULL,'2021-08-14 18:27:04','2021-08-14 18:27:04'),(293,'42','Go falabella',NULL,'2021-08-14 18:27:05','2021-08-14 18:27:05'),(294,'28','Go falabella',NULL,'2021-08-14 18:27:21','2021-08-14 18:27:21'),(295,'0','Buscando','43397560','2021-08-14 18:29:46','2021-08-14 18:29:46'),(296,'45','Encontrado','43397560','2021-08-14 18:29:46','2021-08-14 18:29:46'),(297,'45','Cargo Imagen','43397560','2021-08-14 18:29:47','2021-08-14 18:29:47'),(298,'45','Go falabella',NULL,'2021-08-14 18:30:03','2021-08-14 18:30:03'),(299,'31','Mensaje error envio',NULL,'2021-08-14 18:30:15','2021-08-14 18:30:15'),(300,'31','Subiendo Imagen',NULL,'2021-08-14 18:30:29','2021-08-14 18:30:29'),(301,'31','Open modal','mensajes','2021-08-14 18:30:37','2021-08-14 18:30:37'),(302,'31','Cargaron me mensajes',NULL,'2021-08-14 18:30:37','2021-08-14 18:30:37'),(303,'0','Buscando','44322742','2021-08-14 18:30:47','2021-08-14 18:30:47'),(304,'25','Encontrado','44322742','2021-08-14 18:30:48','2021-08-14 18:30:48'),(305,'25','Cargo Imagen','44322742','2021-08-14 18:30:48','2021-08-14 18:30:48'),(306,'0','Buscando','41649742','2021-08-14 18:30:55','2021-08-14 18:30:55'),(307,'7','Encontrado','41649742','2021-08-14 18:30:55','2021-08-14 18:30:55'),(308,'7','Cargo Imagen','41649742','2021-08-14 18:30:56','2021-08-14 18:30:56'),(309,'45','Go falabella',NULL,'2021-08-14 18:31:07','2021-08-14 18:31:07'),(310,'7','Go falabella',NULL,'2021-08-14 18:31:13','2021-08-14 18:31:13'),(311,'0','Buscando','43219446','2021-08-14 18:31:16','2021-08-14 18:31:16'),(312,'32','Encontrado','43219446','2021-08-14 18:31:17','2021-08-14 18:31:17'),(313,'32','Cargo Imagen','43219446','2021-08-14 18:31:18','2021-08-14 18:31:18'),(314,'0','Buscando','77907689','2021-08-14 18:31:40','2021-08-14 18:31:40'),(315,'1','Encontrado','77907689','2021-08-14 18:31:41','2021-08-14 18:31:41'),(316,'1','Cargo Imagen','77907689','2021-08-14 18:31:42','2021-08-14 18:31:42'),(317,'25','Go falabella',NULL,'2021-08-14 18:31:46','2021-08-14 18:31:46'),(318,'1','Go falabella',NULL,'2021-08-14 18:31:58','2021-08-14 18:31:58'),(319,'0','Buscando','43397560','2021-08-14 18:32:16','2021-08-14 18:32:16'),(320,'45','Cargo Imagen','43397560','2021-08-14 18:32:17','2021-08-14 18:32:17'),(321,'45','Encontrado','43397560','2021-08-14 18:32:17','2021-08-14 18:32:17'),(322,'45','Open modal','mensajes','2021-08-14 18:32:29','2021-08-14 18:32:29'),(323,'45','Cargaron me mensajes',NULL,'2021-08-14 18:32:29','2021-08-14 18:32:29'),(324,'32','Buscando','42702054','2021-08-14 18:32:32','2021-08-14 18:32:32'),(325,'31','Cargo Imagen','42702054','2021-08-14 18:32:32','2021-08-14 18:32:32'),(326,'31','Encontrado','42702054','2021-08-14 18:32:33','2021-08-14 18:32:33'),(327,'31','Open modal','mensajes','2021-08-14 18:32:42','2021-08-14 18:32:42'),(328,'0','Buscando','43397560','2021-08-14 18:32:43','2021-08-14 18:32:43'),(329,'45','Cargo Imagen','43397560','2021-08-14 18:32:44','2021-08-14 18:32:44'),(330,'45','Encontrado','43397560','2021-08-14 18:32:44','2021-08-14 18:32:44'),(331,'31','Cargaron me mensajes',NULL,'2021-08-14 18:32:44','2021-08-14 18:32:44'),(332,'45','Go falabella',NULL,'2021-08-14 18:32:48','2021-08-14 18:32:48'),(333,'20','Buscando','01780287','2021-08-14 18:33:14','2021-08-14 18:33:14'),(334,'16','Encontrado','01780287','2021-08-14 18:33:14','2021-08-14 18:33:14'),(335,'16','Cargo Imagen','01780287','2021-08-14 18:33:18','2021-08-14 18:33:18'),(336,'7','Open modal','map','2021-08-14 18:33:26','2021-08-14 18:33:26'),(337,'0','Buscando','01780287','2021-08-14 18:35:10','2021-08-14 18:35:10'),(338,'16','Encontrado','01780287','2021-08-14 18:35:11','2021-08-14 18:35:11'),(339,'16','Cargo Imagen','01780287','2021-08-14 18:35:12','2021-08-14 18:35:12'),(340,'16','Go falabella',NULL,'2021-08-14 18:35:34','2021-08-14 18:35:34'),(341,'25','Buscando','44322742','2021-08-14 18:36:42','2021-08-14 18:36:42'),(342,'25','Cargo Imagen','44322742','2021-08-14 18:36:42','2021-08-14 18:36:42'),(343,'25','Encontrado','44322742','2021-08-14 18:36:42','2021-08-14 18:36:42'),(344,'16','Open modal','map','2021-08-14 18:37:08','2021-08-14 18:37:08'),(345,'20','Encontrado','44385650','2021-08-14 18:38:20','2021-08-14 18:38:20'),(346,'0','Buscando','44385650','2021-08-14 18:38:20','2021-08-14 18:38:20'),(347,'20','Cargo Imagen','44385650','2021-08-14 18:38:21','2021-08-14 18:38:21'),(348,'20','Cargaron me mensajes',NULL,'2021-08-14 18:38:32','2021-08-14 18:38:32'),(349,'20','Open modal','mensajes','2021-08-14 18:38:32','2021-08-14 18:38:32'),(350,'20','Open modal','map','2021-08-14 18:38:40','2021-08-14 18:38:40'),(351,'13','Encontrado','07656354','2021-08-14 18:40:28','2021-08-14 18:40:28'),(352,'0','Buscando','07656354','2021-08-14 18:40:28','2021-08-14 18:40:28'),(353,'13','Cargo Imagen','07656354','2021-08-14 18:40:30','2021-08-14 18:40:30'),(354,'10','Encontrado','44048231','2021-08-14 18:40:37','2021-08-14 18:40:37'),(355,'0','Buscando','44048231','2021-08-14 18:40:38','2021-08-14 18:40:38'),(356,'10','Cargo Imagen','44048231','2021-08-14 18:40:38','2021-08-14 18:40:38'),(357,'13','Go falabella',NULL,'2021-08-14 18:40:41','2021-08-14 18:40:41'),(358,'10','Go falabella',NULL,'2021-08-14 18:40:54','2021-08-14 18:40:54'),(359,'10','Go falabella',NULL,'2021-08-14 18:42:21','2021-08-14 18:42:21'),(360,'26','Encontrado','43645452','2021-08-14 18:42:50','2021-08-14 18:42:50'),(361,'26','Cargo Imagen','43645452','2021-08-14 18:42:51','2021-08-14 18:42:51'),(362,'0','Buscando','43645452','2021-08-14 18:42:51','2021-08-14 18:42:51'),(363,'13','Go falabella',NULL,'2021-08-14 18:42:52','2021-08-14 18:42:52'),(364,'26','Go falabella',NULL,'2021-08-14 18:42:59','2021-08-14 18:42:59'),(365,'13','Open modal','map','2021-08-14 18:43:09','2021-08-14 18:43:09'),(366,'0','Buscando','07656354','2021-08-14 18:43:46','2021-08-14 18:43:46'),(367,'13','Encontrado','07656354','2021-08-14 18:43:47','2021-08-14 18:43:47'),(368,'13','Cargo Imagen','07656354','2021-08-14 18:43:47','2021-08-14 18:43:47'),(369,'13','Open modal','map','2021-08-14 18:44:01','2021-08-14 18:44:01'),(370,'0','Buscando','07656354','2021-08-14 18:44:43','2021-08-14 18:44:43'),(371,'13','Encontrado','07656354','2021-08-14 18:44:43','2021-08-14 18:44:43'),(372,'13','Cargo Imagen','07656354','2021-08-14 18:44:44','2021-08-14 18:44:44'),(373,'10','Open modal','map','2021-08-14 18:44:52','2021-08-14 18:44:52'),(374,'0','Buscando','41506329','2021-08-14 18:46:02','2021-08-14 18:46:02'),(375,'18','Encontrado','41506329','2021-08-14 18:46:02','2021-08-14 18:46:02'),(376,'18','Cargo Imagen','41506329','2021-08-14 18:46:04','2021-08-14 18:46:04'),(377,'18','Open modal','map','2021-08-14 18:47:09','2021-08-14 18:47:09'),(378,'16','Buscando','42526536','2021-08-14 18:50:51','2021-08-14 18:50:51'),(379,'17','Encontrado','42526536','2021-08-14 18:50:51','2021-08-14 18:50:51'),(380,'17','No cargo Imagen','42526536','2021-08-14 18:50:52','2021-08-14 18:50:52'),(381,'17','Buscando','42526536','2021-08-14 18:56:03','2021-08-14 18:56:03'),(382,'17','Encontrado','42526536','2021-08-14 18:56:03','2021-08-14 18:56:03'),(383,'17','Cargo Imagen','42526536','2021-08-14 18:56:06','2021-08-14 18:56:06'),(384,'0','Buscando','07683169','2021-08-14 18:56:56','2021-08-14 18:56:56'),(385,'12','Encontrado','07683169','2021-08-14 18:56:57','2021-08-14 18:56:57'),(386,'12','Cargo Imagen','07683169','2021-08-14 18:56:58','2021-08-14 18:56:58'),(387,'48','Encontrado','43784250','2021-08-14 19:06:23','2021-08-14 19:06:23'),(388,'0','Buscando','43784250','2021-08-14 19:06:23','2021-08-14 19:06:23'),(389,'0','Buscando','42526536','2021-08-14 19:06:24','2021-08-14 19:06:24'),(390,'17','Encontrado','42526536','2021-08-14 19:06:25','2021-08-14 19:06:25'),(391,'48','Cargo Imagen','43784250','2021-08-14 19:06:25','2021-08-14 19:06:25'),(392,'17','Cargo Imagen','42526536','2021-08-14 19:06:26','2021-08-14 19:06:26'),(393,'17','Go falabella',NULL,'2021-08-14 19:06:33','2021-08-14 19:06:33'),(394,'48','Go falabella',NULL,'2021-08-14 19:06:41','2021-08-14 19:06:41'),(395,'48','Go falabella',NULL,'2021-08-14 19:10:07','2021-08-14 19:10:07'),(396,'48','Open modal','mensajes','2021-08-14 19:11:40','2021-08-14 19:11:40'),(397,'48','Cargaron me mensajes',NULL,'2021-08-14 19:11:41','2021-08-14 19:11:41'),(398,'48','Encontrado','43784250','2021-08-14 19:11:59','2021-08-14 19:11:59'),(399,'48','Cargo Imagen','43784250','2021-08-14 19:12:00','2021-08-14 19:12:00'),(400,'0','Buscando','43784250','2021-08-14 19:12:00','2021-08-14 19:12:00'),(401,'48','Open modal','map','2021-08-14 19:12:00','2021-08-14 19:12:00'),(402,'0','Buscando','44469298','2021-08-14 19:16:58','2021-08-14 19:16:58'),(403,'27','Encontrado','44469298','2021-08-14 19:16:58','2021-08-14 19:16:58'),(404,'27','Cargo Imagen','44469298','2021-08-14 19:16:59','2021-08-14 19:16:59'),(405,'12','Encontrado','07683169','2021-08-14 19:20:20','2021-08-14 19:20:20'),(406,'0','Buscando','07683169','2021-08-14 19:20:20','2021-08-14 19:20:20'),(407,'12','Cargo Imagen','07683169','2021-08-14 19:20:21','2021-08-14 19:20:21'),(408,'12','Open modal','mensajes','2021-08-14 19:20:29','2021-08-14 19:20:29'),(409,'12','Cargaron me mensajes',NULL,'2021-08-14 19:20:30','2021-08-14 19:20:30'),(410,'27','Go falabella',NULL,'2021-08-14 19:23:38','2021-08-14 19:23:38'),(411,'12','Mensaje error envio',NULL,'2021-08-14 19:25:53','2021-08-14 19:25:53'),(412,'34','Encontrado','45852073','2021-08-14 19:27:13','2021-08-14 19:27:13'),(413,'0','Buscando','45852073','2021-08-14 19:27:13','2021-08-14 19:27:13'),(414,'34','Cargo Imagen','45852073','2021-08-14 19:27:14','2021-08-14 19:27:14'),(415,'34','Open modal','map','2021-08-14 19:27:45','2021-08-14 19:27:45'),(416,'34','Open modal','mensajes','2021-08-14 19:28:00','2021-08-14 19:28:00'),(417,'34','Cargaron me mensajes',NULL,'2021-08-14 19:28:02','2021-08-14 19:28:02'),(418,'34','Subiendo Imagen',NULL,'2021-08-14 19:28:09','2021-08-14 19:28:09'),(419,'0','Buscando','71400902','2021-08-14 19:51:37','2021-08-14 19:51:37'),(420,'47','Encontrado','71400902','2021-08-14 19:51:37','2021-08-14 19:51:37'),(421,'47','Cargo Imagen','71400902','2021-08-14 19:51:37','2021-08-14 19:51:37'),(422,'47','Open modal','map','2021-08-14 19:51:49','2021-08-14 19:51:49'),(423,'0','Buscando','48374648','2021-08-14 19:54:57','2021-08-14 19:54:57'),(424,'43','Encontrado','48374648','2021-08-14 19:54:58','2021-08-14 19:54:58'),(425,'43','Cargo Imagen','48374648','2021-08-14 19:54:59','2021-08-14 19:54:59'),(426,'43','Go falabella',NULL,'2021-08-14 19:55:31','2021-08-14 19:55:31'),(427,'43','Open modal','map','2021-08-14 19:56:02','2021-08-14 19:56:02'),(428,'0','Buscando','44758889','2021-08-14 21:40:36','2021-08-14 21:40:36'),(429,'30','Encontrado','44758889','2021-08-14 21:40:36','2021-08-14 21:40:36'),(430,'30','Cargo Imagen','44758889','2021-08-14 21:40:37','2021-08-14 21:40:37'),(431,'0','Buscando','44758889','2021-08-14 22:17:22','2021-08-14 22:17:22'),(432,'30','Encontrado','44758889','2021-08-14 22:17:23','2021-08-14 22:17:23'),(433,'30','Cargo Imagen','44758889','2021-08-14 22:17:23','2021-08-14 22:17:23'),(434,'30','Go falabella',NULL,'2021-08-14 22:17:49','2021-08-14 22:17:49'),(435,'30','Go falabella',NULL,'2021-08-14 22:18:57','2021-08-14 22:18:57'),(436,'0','Buscando','12345678','2021-08-14 22:23:22','2021-08-14 22:23:22'),(437,'0','No se encontro el document','12345678','2021-08-14 22:23:23','2021-08-14 22:23:23'),(438,'0','Buscando','43493307','2021-08-14 22:23:48','2021-08-14 22:23:48'),(439,'29','Encontrado','43493307','2021-08-14 22:23:49','2021-08-14 22:23:49'),(440,'29','Cargo Imagen','43493307','2021-08-14 22:23:49','2021-08-14 22:23:49'),(441,'29','Go falabella',NULL,'2021-08-14 22:24:48','2021-08-14 22:24:48'),(442,'0','Buscando','44322742','2021-08-14 22:42:43','2021-08-14 22:42:43'),(443,'25','Encontrado','44322742','2021-08-14 22:42:43','2021-08-14 22:42:43'),(444,'25','Cargo Imagen','44322742','2021-08-14 22:42:44','2021-08-14 22:42:44'),(445,'25','Go falabella',NULL,'2021-08-14 22:42:45','2021-08-14 22:42:45'),(446,'0','Buscando','45337247','2021-08-14 22:52:47','2021-08-14 22:52:47'),(447,'40','Encontrado','45337247','2021-08-14 22:52:47','2021-08-14 22:52:47'),(448,'40','Cargo Imagen','45337247','2021-08-14 22:52:49','2021-08-14 22:52:49'),(449,'40','Go falabella',NULL,'2021-08-14 22:52:59','2021-08-14 22:52:59'),(450,'0','Buscando','45337247','2021-08-14 22:56:04','2021-08-14 22:56:04'),(451,'40','Cargo Imagen','45337247','2021-08-14 22:56:05','2021-08-14 22:56:05'),(452,'40','Encontrado','45337247','2021-08-14 22:56:06','2021-08-14 22:56:06'),(453,'40','Go falabella',NULL,'2021-08-14 22:56:13','2021-08-14 22:56:13'),(454,'0','Buscando','43645452','2021-08-14 23:43:33','2021-08-14 23:43:33'),(455,'26','Encontrado','43645452','2021-08-14 23:43:34','2021-08-14 23:43:34'),(456,'26','Cargo Imagen','43645452','2021-08-14 23:43:34','2021-08-14 23:43:34'),(457,'26','Open modal','map','2021-08-14 23:43:55','2021-08-14 23:43:55'),(458,'0','Buscando','46730010','2021-08-14 23:52:41','2021-08-14 23:52:41'),(459,'33','Encontrado','46730010','2021-08-14 23:52:42','2021-08-14 23:52:42'),(460,'33','Cargo Imagen','46730010','2021-08-14 23:52:43','2021-08-14 23:52:43'),(461,'33','Go falabella',NULL,'2021-08-14 23:53:04','2021-08-14 23:53:04'),(462,'10','Go falabella',NULL,'2021-08-15 00:03:46','2021-08-15 00:03:46'),(463,'11','Encontrado','43070780','2021-08-15 00:09:38','2021-08-15 00:09:38'),(464,'11','Cargo Imagen','43070780','2021-08-15 00:09:38','2021-08-15 00:09:38'),(465,'0','Buscando','43070780','2021-08-15 00:09:38','2021-08-15 00:09:38'),(466,'11','Go falabella',NULL,'2021-08-15 00:09:43','2021-08-15 00:09:43'),(467,'34','Cargo Imagen','45852073','2021-08-15 00:12:28','2021-08-15 00:12:28'),(468,'0','Buscando','45852073','2021-08-15 00:12:28','2021-08-15 00:12:28'),(469,'34','Encontrado','45852073','2021-08-15 00:12:29','2021-08-15 00:12:29'),(470,'34','Open modal','map','2021-08-15 00:12:30','2021-08-15 00:12:30'),(471,'34','Click Waze',NULL,'2021-08-15 00:12:36','2021-08-15 00:12:36'),(472,'0','Buscando','45337247','2021-08-15 00:21:39','2021-08-15 00:21:39'),(473,'40','Encontrado','45337247','2021-08-15 00:21:41','2021-08-15 00:21:41'),(474,'40','Cargo Imagen','45337247','2021-08-15 00:21:41','2021-08-15 00:21:41'),(475,'40','Go falabella',NULL,'2021-08-15 00:21:44','2021-08-15 00:21:44'),(476,'0','Buscando','43070780','2021-08-15 00:27:42','2021-08-15 00:27:42'),(477,'11','Encontrado','43070780','2021-08-15 00:27:43','2021-08-15 00:27:43'),(478,'11','Cargo Imagen','43070780','2021-08-15 00:27:44','2021-08-15 00:27:44'),(479,'11','Go falabella',NULL,'2021-08-15 00:27:54','2021-08-15 00:27:54'),(480,'0','Buscando','77907689','2021-08-15 01:21:44','2021-08-15 01:21:44'),(481,'1','Encontrado','77907689','2021-08-15 01:21:44','2021-08-15 01:21:44'),(482,'1','Cargo Imagen','77907689','2021-08-15 01:21:45','2021-08-15 01:21:45'),(483,'0','Buscando','45337247','2021-08-15 01:24:27','2021-08-15 01:24:27'),(484,'40','Encontrado','45337247','2021-08-15 01:24:28','2021-08-15 01:24:28'),(485,'40','Cargo Imagen','45337247','2021-08-15 01:24:28','2021-08-15 01:24:28'),(486,'40','Go falabella',NULL,'2021-08-15 01:24:31','2021-08-15 01:24:31'),(487,'0','Buscando','70570294','2021-08-15 01:30:05','2021-08-15 01:30:05'),(488,'42','Cargo Imagen','70570294','2021-08-15 01:30:05','2021-08-15 01:30:05'),(489,'42','Encontrado','70570294','2021-08-15 01:30:05','2021-08-15 01:30:05'),(490,'42','Open modal','map','2021-08-15 01:30:07','2021-08-15 01:30:07'),(491,'42','Click Waze',NULL,'2021-08-15 01:30:29','2021-08-15 01:30:29'),(492,'0','Buscando','77418122','2021-08-15 02:47:48','2021-08-15 02:47:48'),(493,'24','Encontrado','77418122','2021-08-15 02:47:49','2021-08-15 02:47:49'),(494,'24','Cargo Imagen','77418122','2021-08-15 02:47:53','2021-08-15 02:47:53'),(495,'0','Buscando','07683169','2021-08-15 02:49:50','2021-08-15 02:49:50'),(496,'12','Encontrado','07683169','2021-08-15 02:49:51','2021-08-15 02:49:51'),(497,'12','Cargo Imagen','07683169','2021-08-15 02:49:52','2021-08-15 02:49:52'),(498,'12','Buscando','44920182','2021-08-15 02:50:31','2021-08-15 02:50:31'),(499,'38','Encontrado','44920182','2021-08-15 02:50:31','2021-08-15 02:50:31'),(500,'38','No cargo Imagen','44920182','2021-08-15 02:50:32','2021-08-15 02:50:32'),(501,'22','Encontrado','43986440','2021-08-15 03:16:02','2021-08-15 03:16:02'),(502,'0','Buscando','43986440','2021-08-15 03:16:03','2021-08-15 03:16:03'),(503,'22','Cargo Imagen','43986440','2021-08-15 03:16:03','2021-08-15 03:16:03'),(504,'22','Open modal','mensajes','2021-08-15 03:17:22','2021-08-15 03:17:22'),(505,'22','Cargaron me mensajes',NULL,'2021-08-15 03:17:22','2021-08-15 03:17:22'),(506,'22','Mensaje enviado',NULL,'2021-08-15 03:17:41','2021-08-15 03:17:41'),(507,'22','Cargaron me mensajes',NULL,'2021-08-15 03:17:42','2021-08-15 03:17:42'),(508,'0','Buscando','43986440','2021-08-15 03:22:12','2021-08-15 03:22:12'),(509,'22','Encontrado','43986440','2021-08-15 03:22:13','2021-08-15 03:22:13'),(510,'22','Cargo Imagen','43986440','2021-08-15 03:22:13','2021-08-15 03:22:13'),(511,'22','Go falabella',NULL,'2021-08-15 03:22:16','2021-08-15 03:22:16'),(512,'0','Buscando','43986440','2021-08-15 03:26:23','2021-08-15 03:26:23'),(513,'22','Encontrado','43986440','2021-08-15 03:26:23','2021-08-15 03:26:23'),(514,'22','Cargo Imagen','43986440','2021-08-15 03:26:23','2021-08-15 03:26:23'),(515,'22','Open modal','map','2021-08-15 03:26:30','2021-08-15 03:26:30'),(516,'39','Encontrado','45095522','2021-08-15 03:29:19','2021-08-15 03:29:19'),(517,'38','Buscando','45095522','2021-08-15 03:29:19','2021-08-15 03:29:19'),(518,'39','Cargo Imagen','45095522','2021-08-15 03:29:20','2021-08-15 03:29:20'),(519,'39','Buscando','44920182','2021-08-15 03:29:38','2021-08-15 03:29:38'),(520,'38','Encontrado','44920182','2021-08-15 03:29:38','2021-08-15 03:29:38'),(521,'38','Cargo Imagen','44920182','2021-08-15 03:29:39','2021-08-15 03:29:39'),(522,'0','Buscando','42335480','2021-08-15 03:56:22','2021-08-15 03:56:22'),(523,'46','Encontrado','42335480','2021-08-15 03:56:22','2021-08-15 03:56:22'),(524,'46','Cargo Imagen','42335480','2021-08-15 03:56:23','2021-08-15 03:56:23'),(525,'46','Go falabella',NULL,'2021-08-15 03:56:31','2021-08-15 03:56:31'),(526,'46','Go falabella',NULL,'2021-08-15 03:56:54','2021-08-15 03:56:54'),(527,'0','Buscando','44920182','2021-08-15 04:08:43','2021-08-15 04:08:43'),(528,'38','Encontrado','44920182','2021-08-15 04:08:44','2021-08-15 04:08:44'),(529,'38','Cargo Imagen','44920182','2021-08-15 04:08:44','2021-08-15 04:08:44'),(530,'38','Go falabella',NULL,'2021-08-15 04:08:58','2021-08-15 04:08:58'),(531,'38','Open modal','map','2021-08-15 04:09:10','2021-08-15 04:09:10'),(532,'45','Encontrado','43397560','2021-08-15 04:31:00','2021-08-15 04:31:00'),(533,'0','Buscando','43397560','2021-08-15 04:31:00','2021-08-15 04:31:00'),(534,'45','Cargo Imagen','43397560','2021-08-15 04:31:01','2021-08-15 04:31:01'),(535,'45','Open modal','map','2021-08-15 04:31:09','2021-08-15 04:31:09'),(536,'0','Buscando','43397560','2021-08-15 04:31:45','2021-08-15 04:31:45'),(537,'45','Cargo Imagen','43397560','2021-08-15 04:31:46','2021-08-15 04:31:46'),(538,'45','Encontrado','43397560','2021-08-15 04:31:46','2021-08-15 04:31:46'),(539,'45','Go falabella',NULL,'2021-08-15 04:31:49','2021-08-15 04:31:49'),(540,'45','Open modal','map','2021-08-15 04:32:42','2021-08-15 04:32:42'),(541,'0','Buscando','43397560','2021-08-15 04:32:58','2021-08-15 04:32:58'),(542,'45','Cargo Imagen','43397560','2021-08-15 04:32:58','2021-08-15 04:32:58'),(543,'45','Encontrado','43397560','2021-08-15 04:32:58','2021-08-15 04:32:58'),(544,'45','Open modal','mensajes','2021-08-15 04:33:13','2021-08-15 04:33:13'),(545,'45','Cargaron me mensajes',NULL,'2021-08-15 04:33:13','2021-08-15 04:33:13'),(546,'0','Buscando','43397560','2021-08-15 04:33:30','2021-08-15 04:33:30'),(547,'45','Cargo Imagen','43397560','2021-08-15 04:33:30','2021-08-15 04:33:30'),(548,'45','Encontrado','43397560','2021-08-15 04:33:30','2021-08-15 04:33:30'),(549,'45','Go falabella',NULL,'2021-08-15 04:33:40','2021-08-15 04:33:40'),(550,'0','Buscando','47726362','2021-08-15 04:37:16','2021-08-15 04:37:16'),(551,'23','Encontrado','47726362','2021-08-15 04:37:17','2021-08-15 04:37:17'),(552,'23','Cargo Imagen','47726362','2021-08-15 04:37:18','2021-08-15 04:37:18'),(553,'23','Open modal','map','2021-08-15 04:38:05','2021-08-15 04:38:05'),(554,'23','Click Waze',NULL,'2021-08-15 04:38:14','2021-08-15 04:38:14'),(555,'0','Buscando','47726362','2021-08-15 04:38:44','2021-08-15 04:38:44'),(556,'23','Cargo Imagen','47726362','2021-08-15 04:38:45','2021-08-15 04:38:45'),(557,'23','Encontrado','47726362','2021-08-15 04:38:45','2021-08-15 04:38:45'),(558,'45','Go falabella',NULL,'2021-08-15 04:39:47','2021-08-15 04:39:47'),(559,'0','No se encontro el document','44920185','2021-08-15 06:12:50','2021-08-15 06:12:50'),(560,'0','Buscando','44920185','2021-08-15 06:12:50','2021-08-15 06:12:50'),(561,'0','Buscando','44920182','2021-08-15 06:12:55','2021-08-15 06:12:55'),(562,'38','Cargo Imagen','44920182','2021-08-15 06:12:56','2021-08-15 06:12:56'),(563,'38','Encontrado','44920182','2021-08-15 06:12:56','2021-08-15 06:12:56'),(564,'38','Go falabella',NULL,'2021-08-15 06:13:02','2021-08-15 06:13:02'),(565,'38','Open modal','mensajes','2021-08-15 06:13:18','2021-08-15 06:13:18'),(566,'38','Cargaron me mensajes',NULL,'2021-08-15 06:13:18','2021-08-15 06:13:18'),(567,'38','Mensaje enviado',NULL,'2021-08-15 06:13:49','2021-08-15 06:13:49'),(568,'38','Cargaron me mensajes',NULL,'2021-08-15 06:13:49','2021-08-15 06:13:49'),(569,'0','Buscando','43784250','2021-08-15 06:14:50','2021-08-15 06:14:50'),(570,'48','Encontrado','43784250','2021-08-15 06:14:51','2021-08-15 06:14:51'),(571,'48','Cargo Imagen','43784250','2021-08-15 06:14:51','2021-08-15 06:14:51'),(572,'48','Go falabella',NULL,'2021-08-15 06:14:56','2021-08-15 06:14:56'),(573,'48','Go falabella',NULL,'2021-08-15 06:15:35','2021-08-15 06:15:35'),(574,'0','Buscando','44322742','2021-08-15 14:01:50','2021-08-15 14:01:50'),(575,'25','Encontrado','44322742','2021-08-15 14:01:51','2021-08-15 14:01:51'),(576,'25','Cargo Imagen','44322742','2021-08-15 14:01:52','2021-08-15 14:01:52'),(577,'0','Buscando','46316735','2021-08-15 16:54:12','2021-08-15 16:54:12'),(578,'14','Encontrado','46316735','2021-08-15 16:54:12','2021-08-15 16:54:12'),(579,'14','Cargo Imagen','46316735','2021-08-15 16:54:12','2021-08-15 16:54:12'),(580,'14','Go falabella',NULL,'2021-08-15 16:54:20','2021-08-15 16:54:20'),(581,'0','Buscando','07656354','2021-08-15 17:32:04','2021-08-15 17:32:04'),(582,'13','Encontrado','07656354','2021-08-15 17:32:05','2021-08-15 17:32:05'),(583,'13','Cargo Imagen','07656354','2021-08-15 17:32:05','2021-08-15 17:32:05'),(584,'13','Go falabella',NULL,'2021-08-15 17:32:09','2021-08-15 17:32:09'),(585,'0','Buscando','44469298','2021-08-15 17:54:04','2021-08-15 17:54:04'),(586,'27','Cargo Imagen','44469298','2021-08-15 17:54:05','2021-08-15 17:54:05'),(587,'27','Encontrado','44469298','2021-08-15 17:54:05','2021-08-15 17:54:05'),(588,'27','Go falabella',NULL,'2021-08-15 17:54:24','2021-08-15 17:54:24'),(589,'0','Buscando','48374648','2021-08-15 17:55:46','2021-08-15 17:55:46'),(590,'43','Encontrado','48374648','2021-08-15 17:55:47','2021-08-15 17:55:47'),(591,'43','Cargo Imagen','48374648','2021-08-15 17:55:47','2021-08-15 17:55:47'),(592,'43','Open modal','map','2021-08-15 17:56:06','2021-08-15 17:56:06'),(593,'0','Buscando','48374648','2021-08-15 17:59:12','2021-08-15 17:59:12'),(594,'43','Encontrado','48374648','2021-08-15 17:59:13','2021-08-15 17:59:13'),(595,'43','Cargo Imagen','48374648','2021-08-15 17:59:13','2021-08-15 17:59:13'),(596,'43','Go falabella',NULL,'2021-08-15 17:59:20','2021-08-15 17:59:20'),(597,'0','Buscando','47726362','2021-08-15 18:52:12','2021-08-15 18:52:12'),(598,'23','Encontrado','47726362','2021-08-15 18:52:12','2021-08-15 18:52:12'),(599,'23','Cargo Imagen','47726362','2021-08-15 18:52:12','2021-08-15 18:52:12'),(600,'23','Go falabella',NULL,'2021-08-15 18:52:18','2021-08-15 18:52:18'),(601,'0','Buscando','41649742','2021-08-15 19:05:53','2021-08-15 19:05:53'),(602,'7','Encontrado','41649742','2021-08-15 19:05:54','2021-08-15 19:05:54'),(603,'7','Cargo Imagen','41649742','2021-08-15 19:05:54','2021-08-15 19:05:54'),(604,'7','Go falabella',NULL,'2021-08-15 19:05:58','2021-08-15 19:05:58'),(605,'20','Encontrado','44385650','2021-08-15 19:41:02','2021-08-15 19:41:02'),(606,'0','Buscando','44385650','2021-08-15 19:41:03','2021-08-15 19:41:03'),(607,'20','Cargo Imagen','44385650','2021-08-15 19:41:03','2021-08-15 19:41:03'),(608,'20','Open modal','mensajes','2021-08-15 19:41:09','2021-08-15 19:41:09'),(609,'20','Cargaron me mensajes',NULL,'2021-08-15 19:41:09','2021-08-15 19:41:09'),(610,'20','Subiendo Imagen',NULL,'2021-08-15 19:41:11','2021-08-15 19:41:11'),(611,'20','Mensaje enviado',NULL,'2021-08-15 19:41:27','2021-08-15 19:41:27'),(612,'20','Cargaron me mensajes',NULL,'2021-08-15 19:41:27','2021-08-15 19:41:27'),(613,'51','Encontrado','46844385','2021-08-15 20:08:38','2021-08-15 20:08:38'),(614,'0','Buscando','46844385','2021-08-15 20:08:39','2021-08-15 20:08:39'),(615,'51','Cargo Imagen','46844385','2021-08-15 20:08:39','2021-08-15 20:08:39'),(616,'51','Open modal','mensajes','2021-08-15 20:08:45','2021-08-15 20:08:45'),(617,'51','Cargaron me mensajes',NULL,'2021-08-15 20:08:45','2021-08-15 20:08:45'),(618,'0','Buscando','42702054','2021-08-15 20:09:15','2021-08-15 20:09:15'),(619,'31','Cargo Imagen','42702054','2021-08-15 20:09:16','2021-08-15 20:09:16'),(620,'31','Encontrado','42702054','2021-08-15 20:09:16','2021-08-15 20:09:16'),(621,'31','Go falabella',NULL,'2021-08-15 20:09:21','2021-08-15 20:09:21'),(622,'0','Buscando','46316735','2021-08-15 21:55:22','2021-08-15 21:55:22'),(623,'14','Encontrado','46316735','2021-08-15 21:55:23','2021-08-15 21:55:23'),(624,'14','Cargo Imagen','46316735','2021-08-15 21:55:24','2021-08-15 21:55:24'),(625,'14','Go falabella',NULL,'2021-08-15 21:55:32','2021-08-15 21:55:32'),(626,'0','Buscando','07624638','2021-08-15 23:13:48','2021-08-15 23:13:48'),(627,'9','Encontrado','07624638','2021-08-15 23:13:49','2021-08-15 23:13:49'),(628,'9','Cargo Imagen','07624638','2021-08-15 23:13:50','2021-08-15 23:13:50'),(629,'9','Open modal','map','2021-08-15 23:14:11','2021-08-15 23:14:11'),(630,'0','Buscando','07624638','2021-08-15 23:15:56','2021-08-15 23:15:56'),(631,'9','Encontrado','07624638','2021-08-15 23:15:58','2021-08-15 23:15:58'),(632,'9','Cargo Imagen','07624638','2021-08-15 23:15:59','2021-08-15 23:15:59'),(633,'9','Open modal','map','2021-08-15 23:16:21','2021-08-15 23:16:21'),(634,'0','Buscando','07656354','2021-08-15 23:34:36','2021-08-15 23:34:36'),(635,'13','Cargo Imagen','07656354','2021-08-15 23:34:37','2021-08-15 23:34:37'),(636,'13','Encontrado','07656354','2021-08-15 23:34:38','2021-08-15 23:34:38'),(637,'13','Go falabella',NULL,'2021-08-15 23:34:47','2021-08-15 23:34:47'),(638,'0','Buscando','46844385','2021-08-16 01:35:04','2021-08-16 01:35:04'),(639,'51','Encontrado','46844385','2021-08-16 01:35:05','2021-08-16 01:35:05'),(640,'51','Cargo Imagen','46844385','2021-08-16 01:35:05','2021-08-16 01:35:05'),(641,'51','Open modal','map','2021-08-16 01:35:45','2021-08-16 01:35:45'),(642,'51','Open modal','mensajes','2021-08-16 01:35:49','2021-08-16 01:35:49'),(643,'51','Cargaron me mensajes',NULL,'2021-08-16 01:35:49','2021-08-16 01:35:49'),(644,'51','Go falabella',NULL,'2021-08-16 01:36:00','2021-08-16 01:36:00'),(645,'0','Buscando','45946643','2021-08-16 01:37:32','2021-08-16 01:37:32'),(646,'28','Cargo Imagen','45946643','2021-08-16 01:37:32','2021-08-16 01:37:32'),(647,'28','Encontrado','45946643','2021-08-16 01:37:33','2021-08-16 01:37:33'),(648,'28','Open modal','map','2021-08-16 01:37:39','2021-08-16 01:37:39'),(649,'28','Click Waze',NULL,'2021-08-16 01:37:47','2021-08-16 01:37:47'),(650,'0','Buscando','45946643','2021-08-16 01:40:38','2021-08-16 01:40:38'),(651,'28','Encontrado','45946643','2021-08-16 01:40:38','2021-08-16 01:40:38'),(652,'28','Cargo Imagen','45946643','2021-08-16 01:40:38','2021-08-16 01:40:38'),(653,'0','Buscando','73119372','2021-08-16 02:22:05','2021-08-16 02:22:05'),(654,'53','Encontrado','73119372','2021-08-16 02:22:06','2021-08-16 02:22:06'),(655,'53','Cargo Imagen','73119372','2021-08-16 02:22:07','2021-08-16 02:22:07'),(656,'53','Buscando','74939080','2021-08-16 02:22:14','2021-08-16 02:22:14'),(657,'54','Encontrado','74939080','2021-08-16 02:22:15','2021-08-16 02:22:15'),(658,'54','Cargo Imagen','74939080','2021-08-16 02:22:20','2021-08-16 02:22:20'),(659,'0','Buscando','73119372','2021-08-16 02:23:34','2021-08-16 02:23:34'),(660,'53','Encontrado','73119372','2021-08-16 02:23:34','2021-08-16 02:23:34'),(661,'53','Cargo Imagen','73119372','2021-08-16 02:23:35','2021-08-16 02:23:35'),(662,'53','Go falabella',NULL,'2021-08-16 02:23:48','2021-08-16 02:23:48'),(663,'53','Open modal','map','2021-08-16 02:32:44','2021-08-16 02:32:44'),(664,'0','Buscando','74203910','2021-08-16 02:59:16','2021-08-16 02:59:16'),(665,'19','Encontrado','74203910','2021-08-16 02:59:16','2021-08-16 02:59:16'),(666,'19','Cargo Imagen','74203910','2021-08-16 02:59:17','2021-08-16 02:59:17'),(667,'19','Open modal','map','2021-08-16 02:59:24','2021-08-16 02:59:24'),(668,'0','Buscando','44045431','2021-08-16 03:39:24','2021-08-16 03:39:24'),(669,'55','Encontrado','44045431','2021-08-16 03:39:25','2021-08-16 03:39:25'),(670,'55','No cargo Imagen','44045431','2021-08-16 03:39:26','2021-08-16 03:39:26'),(671,'55','Buscando','44045431','2021-08-16 03:39:58','2021-08-16 03:39:58'),(672,'55','Encontrado','44045431','2021-08-16 03:39:58','2021-08-16 03:39:58'),(673,'55','Cargo Imagen','44045431','2021-08-16 03:39:59','2021-08-16 03:39:59'),(674,'55','Buscando','44045431','2021-08-16 03:41:27','2021-08-16 03:41:27'),(675,'55','Encontrado','44045431','2021-08-16 03:41:30','2021-08-16 03:41:30'),(676,'55','Cargo Imagen','44045431','2021-08-16 03:41:32','2021-08-16 03:41:32'),(677,'55','Buscando','42884137','2021-08-16 03:41:41','2021-08-16 03:41:41'),(678,'56','Encontrado','42884137','2021-08-16 03:41:41','2021-08-16 03:41:41'),(679,'56','Cargo Imagen','42884137','2021-08-16 03:41:41','2021-08-16 03:41:41'),(680,'0','Buscando','42884137','2021-08-16 03:52:35','2021-08-16 03:52:35'),(681,'56','Encontrado','42884137','2021-08-16 03:52:35','2021-08-16 03:52:35'),(682,'56','Cargo Imagen','42884137','2021-08-16 03:52:36','2021-08-16 03:52:36'),(683,'56','Open modal','map','2021-08-16 03:55:13','2021-08-16 03:55:13'),(684,'55','Encontrado','44045431','2021-08-16 03:55:47','2021-08-16 03:55:47'),(685,'0','Buscando','44045431','2021-08-16 03:55:48','2021-08-16 03:55:48'),(686,'55','Cargo Imagen','44045431','2021-08-16 03:55:48','2021-08-16 03:55:48'),(687,'55','Cargaron me mensajes',NULL,'2021-08-16 03:56:00','2021-08-16 03:56:00'),(688,'55','Open modal','mensajes','2021-08-16 03:56:00','2021-08-16 03:56:00'),(689,'55','Go falabella',NULL,'2021-08-16 03:57:37','2021-08-16 03:57:37'),(690,'0','Buscando','07656354','2021-08-16 04:32:17','2021-08-16 04:32:17'),(691,'13','Cargo Imagen','07656354','2021-08-16 04:32:17','2021-08-16 04:32:17'),(692,'13','Encontrado','07656354','2021-08-16 04:32:17','2021-08-16 04:32:17'),(693,'13','Go falabella',NULL,'2021-08-16 04:32:25','2021-08-16 04:32:25'),(694,'0','Buscando','07683169','2021-08-16 04:35:41','2021-08-16 04:35:41'),(695,'12','Encontrado','07683169','2021-08-16 04:35:42','2021-08-16 04:35:42'),(696,'12','Cargo Imagen','07683169','2021-08-16 04:35:42','2021-08-16 04:35:42'),(697,'12','Go falabella',NULL,'2021-08-16 04:35:47','2021-08-16 04:35:47'),(698,'12','Go falabella',NULL,'2021-08-16 04:38:38','2021-08-16 04:38:38'),(699,'0','Buscando','45219439','2021-08-16 06:31:18','2021-08-16 06:31:18'),(700,'52','Encontrado','45219439','2021-08-16 06:31:19','2021-08-16 06:31:19'),(701,'52','Cargo Imagen','45219439','2021-08-16 06:31:19','2021-08-16 06:31:19'),(702,'0','Buscando','45219439','2021-08-16 18:27:28','2021-08-16 18:27:28'),(703,'52','Encontrado','45219439','2021-08-16 18:27:28','2021-08-16 18:27:28'),(704,'52','Cargo Imagen','45219439','2021-08-16 18:27:29','2021-08-16 18:27:29'),(705,'52','Open modal','map','2021-08-16 18:28:31','2021-08-16 18:28:31'),(706,'52','Open modal','mensajes','2021-08-16 18:29:41','2021-08-16 18:29:41'),(707,'52','Cargaron me mensajes',NULL,'2021-08-16 18:29:42','2021-08-16 18:29:42'),(708,'52','Cargaron me mensajes',NULL,'2021-08-16 18:29:49','2021-08-16 18:29:49'),(709,'52','Open modal','mensajes','2021-08-16 18:29:49','2021-08-16 18:29:49'),(710,'52','Subiendo Imagen',NULL,'2021-08-16 18:30:32','2021-08-16 18:30:32'),(711,'0','Buscando','42526536','2021-08-16 20:32:58','2021-08-16 20:32:58'),(712,'17','Encontrado','42526536','2021-08-16 20:33:03','2021-08-16 20:33:03'),(713,'17','Cargo Imagen','42526536','2021-08-16 20:33:08','2021-08-16 20:33:08'),(714,'17','Open modal','map','2021-08-16 20:34:04','2021-08-16 20:34:04'),(715,'17','Encontrado','42526536','2021-08-16 20:35:16','2021-08-16 20:35:16'),(716,'0','Buscando','42526536','2021-08-16 20:35:17','2021-08-16 20:35:17'),(717,'17','Cargo Imagen','42526536','2021-08-16 20:35:17','2021-08-16 20:35:17'),(718,'17','Go falabella',NULL,'2021-08-16 20:35:29','2021-08-16 20:35:29'),(719,'0','Buscando','74939080','2021-08-18 00:32:27','2021-08-18 00:32:27'),(720,'54','Encontrado','74939080','2021-08-18 00:32:27','2021-08-18 00:32:27'),(721,'54','Cargo Imagen','74939080','2021-08-18 00:32:29','2021-08-18 00:32:29'),(722,'54','Open modal','map','2021-08-18 00:32:42','2021-08-18 00:32:42'),(723,'0','Buscando','74939080','2021-08-18 00:33:18','2021-08-18 00:33:18'),(724,'54','Encontrado','74939080','2021-08-18 00:33:19','2021-08-18 00:33:19'),(725,'54','Cargo Imagen','74939080','2021-08-18 00:33:19','2021-08-18 00:33:19'),(726,'0','Buscando','74939080','2021-08-18 00:33:29','2021-08-18 00:33:29'),(727,'54','Encontrado','74939080','2021-08-18 00:33:29','2021-08-18 00:33:29'),(728,'54','Cargo Imagen','74939080','2021-08-18 00:33:30','2021-08-18 00:33:30'),(729,'54','Go falabella',NULL,'2021-08-18 00:33:44','2021-08-18 00:33:44'),(730,'0','Buscando','74939080','2021-08-18 00:36:53','2021-08-18 00:36:53'),(731,'54','Encontrado','74939080','2021-08-18 00:36:54','2021-08-18 00:36:54'),(732,'54','Cargo Imagen','74939080','2021-08-18 00:36:55','2021-08-18 00:36:55'),(733,'54','Open modal','map','2021-08-18 00:37:01','2021-08-18 00:37:01'),(734,'0','Buscando','73119372','2021-08-18 00:42:51','2021-08-18 00:42:51'),(735,'53','Encontrado','73119372','2021-08-18 00:42:52','2021-08-18 00:42:52'),(736,'53','Cargo Imagen','73119372','2021-08-18 00:42:54','2021-08-18 00:42:54'),(737,'0','No se encontro el document','461038633','2021-08-18 04:14:04','2021-08-18 04:14:04'),(738,'0','Buscando','461038633','2021-08-18 04:14:04','2021-08-18 04:14:04'),(739,'0','Buscando','46038633','2021-08-18 04:14:20','2021-08-18 04:14:20'),(740,'2','Encontrado','46038633','2021-08-18 04:14:20','2021-08-18 04:14:20'),(741,'2','Cargo Imagen','46038633','2021-08-18 04:14:22','2021-08-18 04:14:22'),(742,'2','Go falabella',NULL,'2021-08-18 04:14:37','2021-08-18 04:14:37'),(743,'0','Buscando','44385650','2021-08-18 13:00:06','2021-08-18 13:00:06'),(744,'20','Encontrado','44385650','2021-08-18 13:00:07','2021-08-18 13:00:07'),(745,'20','Cargo Imagen','44385650','2021-08-18 13:00:07','2021-08-18 13:00:07'),(746,'20','Open modal','mensajes','2021-08-18 13:00:09','2021-08-18 13:00:09'),(747,'20','Cargaron me mensajes',NULL,'2021-08-18 13:00:09','2021-08-18 13:00:09'),(748,'20','Mensaje enviado',NULL,'2021-08-18 13:04:27','2021-08-18 13:04:27'),(749,'20','Cargaron me mensajes',NULL,'2021-08-18 13:04:28','2021-08-18 13:04:28'),(750,'0','Buscando','74939080','2021-08-18 15:26:02','2021-08-18 15:26:02'),(751,'54','Encontrado','74939080','2021-08-18 15:26:03','2021-08-18 15:26:03'),(752,'54','Cargo Imagen','74939080','2021-08-18 15:26:03','2021-08-18 15:26:03'),(753,'54','Open modal','map','2021-08-18 15:26:08','2021-08-18 15:26:08'),(754,'0','Buscando','74203910','2021-08-19 00:08:49','2021-08-19 00:08:49'),(755,'19','Encontrado','74203910','2021-08-19 00:08:50','2021-08-19 00:08:50'),(756,'19','Cargo Imagen','74203910','2021-08-19 00:08:50','2021-08-19 00:08:50'),(757,'40','Encontrado','45337247','2021-08-19 03:07:18','2021-08-19 03:07:18'),(758,'0','Buscando','45337247','2021-08-19 03:07:18','2021-08-19 03:07:18'),(759,'40','Cargo Imagen','45337247','2021-08-19 03:07:19','2021-08-19 03:07:19'),(760,'0','Buscando','42702054','2021-08-19 04:27:07','2021-08-19 04:27:07'),(761,'31','Encontrado','42702054','2021-08-19 04:27:08','2021-08-19 04:27:08'),(762,'31','Cargo Imagen','42702054','2021-08-19 04:27:08','2021-08-19 04:27:08'),(763,'31','Open modal','mensajes','2021-08-19 04:27:10','2021-08-19 04:27:10'),(764,'31','Cargaron me mensajes',NULL,'2021-08-19 04:27:11','2021-08-19 04:27:11'),(765,'31','Open modal','mensajes','2021-08-19 04:27:43','2021-08-19 04:27:43'),(766,'31','Cargaron me mensajes',NULL,'2021-08-19 04:27:43','2021-08-19 04:27:43'),(767,'31','Open modal','mensajes','2021-08-19 04:27:47','2021-08-19 04:27:47'),(768,'31','Cargaron me mensajes',NULL,'2021-08-19 04:27:48','2021-08-19 04:27:48'),(769,'31','Mensaje enviado',NULL,'2021-08-19 04:28:24','2021-08-19 04:28:24'),(770,'31','Cargaron me mensajes',NULL,'2021-08-19 04:28:24','2021-08-19 04:28:24'),(771,'31','Mensaje error envio',NULL,'2021-08-19 04:31:40','2021-08-19 04:31:40'),(772,'31','Open modal','mensajes','2021-08-19 04:31:48','2021-08-19 04:31:48'),(773,'31','Cargaron me mensajes',NULL,'2021-08-19 04:31:50','2021-08-19 04:31:50'),(774,'31','Subiendo Imagen',NULL,'2021-08-19 04:32:02','2021-08-19 04:32:02'),(775,'31','Go falabella',NULL,'2021-08-19 04:32:44','2021-08-19 04:32:44'),(776,'0','Buscando','74939080','2021-08-20 03:54:15','2021-08-20 03:54:15'),(777,'54','Encontrado','74939080','2021-08-20 03:54:16','2021-08-20 03:54:16'),(778,'54','Cargo Imagen','74939080','2021-08-20 03:54:16','2021-08-20 03:54:16'),(779,'54','Open modal','map','2021-08-20 03:54:29','2021-08-20 03:54:29'),(780,'0','Buscando','07683169','2021-08-20 04:32:53','2021-08-20 04:32:53'),(781,'12','Encontrado','07683169','2021-08-20 04:32:54','2021-08-20 04:32:54'),(782,'12','Cargo Imagen','07683169','2021-08-20 04:32:55','2021-08-20 04:32:55'),(783,'12','Go falabella',NULL,'2021-08-20 04:33:06','2021-08-20 04:33:06'),(784,'0','Buscando','43645452','2021-08-20 05:05:56','2021-08-20 05:05:56'),(785,'26','Encontrado','43645452','2021-08-20 05:05:56','2021-08-20 05:05:56'),(786,'26','Cargo Imagen','43645452','2021-08-20 05:05:57','2021-08-20 05:05:57'),(787,'26','Open modal','map','2021-08-20 05:06:01','2021-08-20 05:06:01');
/*!40000 ALTER TABLE `logs` ENABLE KEYS */;
UNLOCK TABLES;

--
-- Table structure for table `messages`
--

DROP TABLE IF EXISTS `messages`;
/*!40101 SET @saved_cs_client     = @@character_set_client */;
/*!50503 SET character_set_client = utf8mb4 */;
CREATE TABLE `messages` (
  `id` int(11) NOT NULL AUTO_INCREMENT,
  `message` varchar(250) COLLATE utf8_unicode_ci DEFAULT NULL,
  `updated_at` timestamp NULL DEFAULT NULL,
  `idImage` int(11) NOT NULL,
  `idGuest` int(11) DEFAULT NULL,
  `created_at` timestamp NULL DEFAULT NULL,
  PRIMARY KEY (`id`),
  KEY `fk_messages_images1_idx` (`idImage`),
  CONSTRAINT `fk_messages_images1` FOREIGN KEY (`idImage`) REFERENCES `images` (`id`)
) ENGINE=InnoDB AUTO_INCREMENT=16 DEFAULT CHARSET=utf8 COLLATE=utf8_unicode_ci;
/*!40101 SET character_set_client = @saved_cs_client */;

--
-- Dumping data for table `messages`
--

LOCK TABLES `messages` WRITE;
/*!40000 ALTER TABLE `messages` DISABLE KEYS */;
INSERT INTO `messages` VALUES (11,'Felicitaciones!!!!!!!','2021-08-15 03:17:41',22,22,'2021-08-15 03:17:41'),(12,'Te quiero preciosa ! Eres una amistad que a pesar que no veo seguido, sé que puedo contar contigo y tú conmigo. Te mando mucha felicidad','2021-08-15 06:13:49',38,38,'2021-08-15 06:13:49'),(14,'Cris y Guillermo!\n\nSon una pareja llena de fuerza y amor, les deseamos un camino de mucha alegría y éxito. En nosotros tienen a amigos que los aprecian mucho y que estarán siempre ahí para ustedes. Un fuerte abrazo y a disfrutar! Liliana y Raúl.','2021-08-18 13:04:26',20,20,'2021-08-18 13:04:26'),(15,'❤️','2021-08-19 04:28:23',31,31,'2021-08-19 04:28:23');
/*!40000 ALTER TABLE `messages` ENABLE KEYS */;
UNLOCK TABLES;
/*!40103 SET TIME_ZONE=@OLD_TIME_ZONE */;

/*!40101 SET SQL_MODE=@OLD_SQL_MODE */;
/*!40014 SET FOREIGN_KEY_CHECKS=@OLD_FOREIGN_KEY_CHECKS */;
/*!40014 SET UNIQUE_CHECKS=@OLD_UNIQUE_CHECKS */;
/*!40101 SET CHARACTER_SET_CLIENT=@OLD_CHARACTER_SET_CLIENT */;
/*!40101 SET CHARACTER_SET_RESULTS=@OLD_CHARACTER_SET_RESULTS */;
/*!40101 SET COLLATION_CONNECTION=@OLD_COLLATION_CONNECTION */;
/*!40111 SET SQL_NOTES=@OLD_SQL_NOTES */;

-- Dump completed on 2021-08-20  0:33:40
